season,home_team,away_team,home_score,away_score,home_win
2024,BUF,ARI,34,28,1
2024,MIA,BUF,10,31,0
2024,BUF,JAX,47,10,1
2024,BAL,BUF,35,10,1
2024,HOU,BUF,23,20,1
2024,NYJ,BUF,20,23,0
2024,BUF,TEN,34,10,1
2024,SEA,BUF,10,31,0
2024,BUF,MIA,30,27,1
2024,IND,BUF,20,30,0
2024,BUF,KC,30,21,1
2024,BUF,SF,35,10,1
2024,LAR,BUF,44,42,1
2024,DET,BUF,42,48,0
2024,BUF,NE,24,21,1
2024,BUF,NYJ,40,14,1
2024,NE,BUF,23,16,1
2025,BUF,BAL,41,40,1
2025,NYJ,BUF,10,30,0
2025,BUF,MIA,31,21,1
2025,BUF,NO,31,19,1
2025,BUF,NE,20,23,0
2025,ATL,BUF,24,14,1
2025,CAR,BUF,9,40,0
2025,BUF,KC,28,21,1
2025,MIA,BUF,30,13,1
2025,BUF,TB,44,32,1
2025,HOU,BUF,23,19,1
2025,PIT,BUF,7,26,0
2025,BUF,CIN,39,34,1
2025,NE,BUF,31,35,0
2025,CLE,BUF,20,23,0
2025,BUF,PHI,12,13,0
2025,BUF,NYJ,35,8,1
2024,MIA,JAX,20,17,1
2024,SEA,MIA,24,3,1
2024,MIA,TEN,12,31,0
2024,NE,MIA,10,15,0
2024,IND,MIA,16,10,1
2024,MIA,ARI,27,28,0
2024,LAR,MIA,15,23,0
2024,MIA,LV,34,19,1
2024,MIA,NE,34,15,1
2024,GB,MIA,30,17,1
2024,MIA,NYJ,32,26,1
2024,HOU,MIA,20,12,1
2024,MIA,SF,29,17,1
2024,CLE,MIA,3,20,0
2024,NYJ,MIA,32,20,1
2025,IND,MIA,33,8,1
2025,MIA,NE,27,33,0
2025,MIA,NYJ,27,21,1
2025,CAR,MIA,27,24,1
2025,MIA,LAC,27,29,0
2025,CLE,MIA,31,6,1
2025,ATL,MIA,10,34,0
2025,MIA,BAL,6,28,0
2025,MIA,WSH,16,13,1
2025,MIA,NO,21,17,1
2025,NYJ,MIA,10,34,0
2025,PIT,MIA,28,15,1
2025,MIA,CIN,21,45,0
2025,MIA,TB,20,17,1
2025,NE,MIA,38,10,1
2024,CIN,NE,10,16,0
2024,NE,SEA,20,23,0
2024,NYJ,NE,24,3,1
2024,SF,NE,30,13,1
2024,NE,HOU,21,41,0
2024,JAX,NE,32,16,1
2024,NE,NYJ,25,22,1
2024,TEN,NE,20,17,1
2024,CHI,NE,3,19,0
2024,NE,LAR,22,28,0
2024,NE,IND,24,25,0
2024,ARI,NE,30,17,1
2024,NE,LAC,7,40,0
2025,NE,LV,13,20,0
2025,NE,PIT,14,21,0
2025,NE,CAR,42,13,1
2025,NO,NE,19,25,0
2025,TEN,NE,13,31,0
2025,NE,CLE,32,13,1
2025,NE,ATL,24,23,1
2025,TB,NE,23,28,0
2025,NE,NYJ,27,14,1
2025,CIN,NE,20,26,0
2025,NE,NYG,33,15,1
2025,BAL,NE,24,28,0
2025,NYJ,NE,10,42,0
2024,SF,NYJ,32,19,1
2024,TEN,NYJ,17,24,0
2024,NYJ,DEN,9,10,0
2024,MIN,NYJ,23,17,1
2024,PIT,NYJ,37,15,1
2024,NYJ,HOU,21,13,1
2024,ARI,NYJ,31,6,1
2024,NYJ,IND,27,28,0
2024,NYJ,SEA,21,26,0
2024,JAX,NYJ,25,32,0
2024,NYJ,LAR,9,19,0
2025,NYJ,PIT,32,34,0
2025,TB,NYJ,29,27,1
2025,NYJ,DAL,22,37,0
2025,NYJ,DEN,11,13,0
2025,NYJ,CAR,6,13,0
2025,CIN,NYJ,38,39,0
2025,NYJ,CLE,27,20,1
2025,BAL,NYJ,23,10,1
2025,NYJ,ATL,27,24,1
2025,JAX,NYJ,48,20,1
2025,NO,NYJ,29,6,1
2024,KC,BAL,27,20,1
2024,BAL,LV,23,26,0
2024,DAL,BAL,25,28,0
2024,CIN,BAL,38,41,0
2024,BAL,WSH,30,23,1
2024,TB,BAL,31,41,0
2024,CLE,BAL,29,24,1
2024,BAL,DEN,41,10,1
2024,BAL,CIN,35,34,1
2024,PIT,BAL,18,16,1
2024,LAC,BAL,23,30,0
2024,BAL,PHI,19,24,0
2024,NYG,BAL,14,35,0
2024,BAL,PIT,34,17,1
2024,HOU,BAL,2,31,0
2024,BAL,CLE,35,10,1
2025,BAL,CLE,41,17,1
2025,BAL,DET,30,38,0
2025,KC,BAL,37,20,1
2025,BAL,HOU,10,44,0
2025,BAL,LAR,3,17,0
2025,BAL,CHI,30,16,1
2025,MIN,BAL,19,27,0
2025,CLE,BAL,16,23,0
2025,BAL,CIN,14,32,0
2025,BAL,PIT,22,27,0
2025,CIN,BAL,0,24,0
2025,GB,BAL,24,41,0
2025,PIT,BAL,26,24,1
2024,KC,CIN,26,25,1
2024,CIN,WSH,33,38,0
2024,CAR,CIN,24,34,0
2024,NYG,CIN,7,17,0
2024,CLE,CIN,14,21,0
2024,CIN,PHI,17,37,0
2024,CIN,LV,41,24,1
2024,LAC,CIN,34,27,1
2024,CIN,PIT,38,44,0
2024,DAL,CIN,20,27,0
2024,TEN,CIN,27,37,0
2024,CIN,CLE,24,6,1
2024,CIN,DEN,30,24,1
2024,PIT,CIN,17,19,0
2025,CLE,CIN,16,17,0
2025,CIN,JAX,31,27,1
2025,MIN,CIN,48,10,1
2025,DEN,CIN,28,3,1
2025,CIN,DET,24,37,0
2025,GB,CIN,27,18,1
2025,CIN,PIT,33,31,1
2025,CIN,CHI,42,47,0
2025,PIT,CIN,34,12,1
2025,CIN,ARI,37,14,1
2025,CIN,CLE,18,20,0
2024,CLE,DAL,17,33,0
2024,JAX,CLE,13,18,0
2024,CLE,NYG,15,21,0
2024,LV,CLE,20,16,1
2024,WSH,CLE,34,13,1
2024,PHI,CLE,20,16,1
2024,CLE,LAC,10,27,0
2024,NO,CLE,35,14,1
2024,CLE,PIT,24,19,1
2024,DEN,CLE,41,32,1
2024,PIT,CLE,27,14,1
2024,CLE,KC,7,21,0
2025,CLE,GB,13,10,1
2025,DET,CLE,34,10,1
2025,CLE,MIN,17,21,0
2025,PIT,CLE,23,9,1
2025,LV,CLE,10,24,0
2025,CLE,SF,8,26,0
2025,CLE,TEN,29,31,0
2025,CHI,CLE,31,3,1
2025,CLE,PIT,13,6,1
2024,ATL,PIT,10,18,0
2024,DEN,PIT,6,13,0
2024,PIT,LAC,20,10,1
2024,IND,PIT,27,24,1
2024,PIT,DAL,17,20,0
2024,LV,PIT,13,32,0
2024,PIT,NYG,26,18,1
2024,WSH,PIT,27,28,0
2024,PHI,PIT,27,13,1
2024,PIT,KC,10,29,0
2025,PIT,SEA,17,31,0
2025,PIT,MIN,24,21,1
2025,PIT,GB,25,35,0
2025,PIT,IND,27,20,1
2025,LAC,PIT,25,10,1
2025,CHI,PIT,31,28,1
2025,DET,PIT,24,29,0
2024,IND,HOU,27,29,0
2024,HOU,CHI,19,13,1
2024,MIN,HOU,34,7,1
2024,HOU,JAX,24,20,1
2024,GB,HOU,24,22,1
2024,HOU,IND,23,20,1
2024,HOU,DET,23,26,0
2024,DAL,HOU,10,34,0
2024,HOU,TEN,27,32,0
2024,JAX,HOU,20,23,0
2024,KC,HOU,27,19,1
2024,TEN,HOU,14,23,0
2025,LAR,HOU,14,9,1
2025,HOU,TB,19,20,0
2025,JAX,HOU,17,10,1
2025,HOU,TEN,26,0,1
2025,SEA,HOU,27,19,1
2025,HOU,SF,26,15,1
2025,HOU,DEN,15,18,0
2025,HOU,JAX,36,29,1
2025,TEN,HOU,13,16,0
2025,IND,HOU,16,20,0
2025,KC,HOU,10,20,0
2025,HOU,ARI,40,20,1
2025,HOU,LV,23,21,1
2025,LAC,HOU,16,20,0
2025,HOU,IND,38,30,1
2024,GB,IND,16,10,1
2024,IND,CHI,21,16,1
2024,JAX,IND,37,34,1
2024,TEN,IND,17,20,0
2024,MIN,IND,21,13,1
2024,IND,DET,6,24,0
2024,DEN,IND,31,13,1
2024,IND,TEN,38,30,1
2024,NYG,IND,45,33,1
2024,IND,JAX,26,23,1
2025,IND,DEN,29,28,1
2025,TEN,IND,20,41,0
2025,LAR,IND,27,20,1
2025,IND,LV,40,6,1
2025,IND,ARI,31,27,1
2025,LAC,IND,24,38,0
2025,IND,TEN,38,14,1
2025,IND,ATL,31,25,1
2025,KC,IND,23,20,1
2025,JAX,IND,36,19,1
2025,SEA,IND,18,16,1
2025,IND,SF,27,48,0
2025,IND,JAX,17,23,0
2024,CHI,JAX,35,16,1
2024,JAX,GB,27,30,0
2024,PHI,JAX,28,23,1
2024,JAX,MIN,7,12,0
2024,DET,JAX,52,6,1
2024,TEN,JAX,6,10,0
2024,LV,JAX,19,14,1
2024,JAX,TEN,20,13,1
2025,JAX,CAR,26,10,1
2025,SF,JAX,21,26,0
2025,JAX,KC,31,28,1
2025,JAX,SEA,12,20,0
2025,JAX,LAR,7,35,0
2025,LV,JAX,29,30,0
2025,JAX,LAC,35,6,1
2025,ARI,JAX,24,27,0
2025,TEN,JAX,3,25,0
2025,DEN,JAX,20,34,0
2025,JAX,TEN,41,7,1
2024,CHI,TEN,24,17,1
2024,TEN,GB,14,30,0
2024,DET,TEN,52,14,1
2024,LAC,TEN,27,17,1
2024,TEN,MIN,13,23,0
2024,WSH,TEN,42,19,1
2025,DEN,TEN,20,12,1
2025,TEN,LAR,19,33,0
2025,ARI,TEN,21,22,0
2025,LV,TEN,20,10,1
2025,TEN,LAC,20,27,0
2025,TEN,SEA,24,30,0
2025,SF,TEN,37,24,1
2025,TEN,KC,26,9,1
2025,TEN,NO,26,34,0
2024,SEA,DEN,26,20,1
2024,TB,DEN,7,26,0
2024,DEN,LV,34,18,1
2024,DEN,LAC,16,23,0
2024,NO,DEN,10,33,0
2024,DEN,CAR,28,14,1
2024,KC,DEN,16,14,1
2024,DEN,ATL,38,6,1
2024,LV,DEN,19,29,0
2024,LAC,DEN,34,27,1
2024,DEN,KC,38,0,1
2025,LAC,DEN,23,20,1
2025,PHI,DEN,17,21,0
2025,DEN,NYG,33,32,1
2025,DEN,DAL,44,24,1
2025,DEN,LV,10,7,1
2025,DEN,KC,22,19,1
2025,WSH,DEN,26,27,0
2025,LV,DEN,17,24,0
2025,DEN,GB,34,26,1
2025,KC,DEN,13,20,0
2025,DEN,LAC,19,3,1
2024,ATL,KC,17,22,0
2024,LAC,KC,10,17,0
2024,KC,NO,26,13,1
2024,SF,KC,18,28,0
2024,LV,KC,20,27,0
2024,KC,TB,30,24,1
2024,CAR,KC,27,30,0
2024,KC,LV,19,17,1
2024,KC,LAC,19,17,1
2025,LAC,KC,27,21,1
2025,KC,PHI,17,20,0
2025,NYG,KC,9,22,0
2025,KC,DET,30,17,1
2025,KC,LV,31,0,1
2025,KC,WSH,28,7,1
2025,DAL,KC,31,28,1
2025,KC,LAC,13,16,0
2025,LV,KC,14,12,1
2024,LAC,LV,22,10,1
2024,LV,CAR,22,36,0
2024,LAR,LV,20,15,1
2024,TB,LV,28,13,1
2024,LV,ATL,9,15,0
2024,NO,LV,10,25,0
2024,LV,LAC,20,34,0
2025,LV,LAC,9,20,0
2025,WSH,LV,41,24,1
2025,LV,CHI,24,25,0
2025,LV,DAL,16,33,0
2025,LAC,LV,31,14,1
2025,PHI,LV,31,0,1
2025,LV,NYG,10,34,0
2024,CAR,LAC,3,26,0
2024,ARI,LAC,17,15,1
2024,LAC,NO,26,8,1
2024,ATL,LAC,13,17,0
2024,LAC,TB,17,40,0
2025,NYG,LAC,21,18,1
2025,LAC,WSH,10,27,0
2025,LAC,MIN,37,10,1
2025,LAC,PHI,22,19,1
2025,DAL,LAC,17,34,0
2024,DAL,NO,19,44,0
2024,NYG,DAL,15,20,0
2024,DAL,DET,9,47,0
2024,SF,DAL,30,24,1
2024,ATL,DAL,27,21,1
2024,DAL,PHI,6,34,0
2024,WSH,DAL,26,34,0
2024,DAL,NYG,27,20,1
2024,CAR,DAL,14,30,0
2024,DAL,TB,26,24,1
2024,PHI,DAL,41,7,1
2024,DAL,WSH,19,23,0
2025,PHI,DAL,24,20,1
2025,DAL,NYG,40,37,1
2025,CHI,DAL,31,14,1
2025,DAL,GB,40,40,0
2025,CAR,DAL,30,27,1
2025,DAL,WSH,44,22,1
2025,DAL,ARI,17,27,0
2025,DAL,PHI,24,21,1
2025,DET,DAL,44,30,1
2025,DAL,MIN,26,34,0
2025,WSH,DAL,23,30,0
2025,NYG,DAL,34,17,1
2024,NYG,MIN,6,28,0
2024,WSH,NYG,21,18,1
2024,SEA,NYG,20,29,0
2024,NYG,PHI,3,28,0
2024,NYG,WSH,22,27,0
2024,CAR,NYG,20,17,1
2024,NYG,TB,7,30,0
2024,NYG,NO,11,14,0
2024,ATL,NYG,34,7,1
2024,PHI,NYG,20,13,1
2025,WSH,NYG,21,6,1
2025,NO,NYG,26,14,1
2025,NYG,PHI,34,17,1
2025,PHI,NYG,38,20,1
2025,NYG,SF,24,34,0
2025,CHI,NYG,24,20,1
2025,NYG,GB,20,27,0
2025,DET,NYG,34,27,1
2025,NYG,WSH,21,29,0
2025,NYG,MIN,13,16,0
2024,PHI,GB,34,29,1
2024,PHI,ATL,21,22,0
2024,NO,PHI,12,15,0
2024,TB,PHI,33,16,1
2024,PHI,WSH,26,18,1
2024,LAR,PHI,20,37,0
2024,PHI,CAR,22,16,1
2024,WSH,PHI,36,33,1
2025,PHI,LAR,33,26,1
2025,TB,PHI,25,31,0
2025,MIN,PHI,22,28,0
2025,GB,PHI,7,10,0
2025,PHI,DET,16,9,1
2025,PHI,CHI,15,24,0
2025,WSH,PHI,18,29,0
2025,PHI,WSH,17,24,0
2024,TB,WSH,37,20,1
2024,ARI,WSH,14,42,0
2024,WSH,CAR,40,7,1
2024,WSH,CHI,18,15,1
2024,NO,WSH,19,20,0
2024,WSH,ATL,30,24,1
2025,GB,WSH,27,18,1
2025,ATL,WSH,34,27,1
2025,WSH,CHI,24,25,0
2025,WSH,SEA,14,38,0
2025,WSH,DET,22,44,0
2025,MIN,WSH,31,0,1
2024,CHI,LAR,24,18,1
2024,CHI,CAR,36,10,1
2024,ARI,CHI,29,9,1
2024,CHI,GB,19,20,0
2024,CHI,MIN,27,30,0
2024,DET,CHI,23,20,1
2024,SF,CHI,38,13,1
2024,MIN,CHI,30,12,1
2024,CHI,DET,17,34,0
2024,CHI,SEA,3,6,0
2024,GB,CHI,22,24,0
2025,CHI,MIN,24,27,0
2025,DET,CHI,52,21,1
2025,CHI,NO,26,14,1
2025,MIN,CHI,17,19,0
2025,GB,CHI,28,21,1
2025,CHI,GB,22,16,1
2025,SF,CHI,42,38,1
2025,CHI,DET,16,19,0
2024,DET,LAR,26,20,1
2024,DET,TB,16,20,0
2024,ARI,DET,13,20,0
2024,DET,SEA,42,29,1
2024,MIN,DET,29,31,0
2024,GB,DET,14,24,0
2024,DET,GB,34,31,1
2024,SF,DET,34,40,0
2024,DET,MIN,31,9,1
2025,GB,DET,27,13,1
2025,DET,TB,24,9,1
2025,DET,MIN,24,27,0
2025,DET,GB,24,31,0
2025,LAR,DET,41,34,1
2025,MIN,DET,23,10,1
2024,GB,MIN,29,31,0
2024,LAR,GB,19,24,0
2024,GB,ARI,34,13,1
2024,GB,SF,38,10,1
2024,SEA,GB,13,30,0
2024,GB,NO,34,0,1
2024,MIN,GB,27,25,1
2025,ARI,GB,23,27,0
2025,GB,CAR,13,16,0
2025,GB,MIN,23,6,1
2025,MIN,GB,16,3,1
2024,MIN,SF,23,17,1
2024,LAR,MIN,30,20,1
2024,MIN,ARI,23,22,1
2024,MIN,ATL,42,21,1
2024,SEA,MIN,24,27,0
2025,MIN,ATL,6,22,0
2025,SEA,MIN,26,0,1
2024,ATL,NO,26,24,1
2024,ATL,TB,36,30,1
2024,CAR,ATL,20,38,0
2024,ATL,SEA,14,34,0
2024,TB,ATL,26,31,0
2024,NO,ATL,20,17,1
2024,ATL,CAR,38,44,0
2025,ATL,TB,20,23,0
2025,CAR,ATL,30,0,1
2025,SF,ATL,20,10,1
2025,ATL,CAR,27,30,0
2025,NO,ATL,10,24,0
2025,ATL,SEA,9,37,0
2025,TB,ATL,28,29,0
2025,ARI,ATL,19,26,0
2025,ATL,LAR,27,24,1
2025,ATL,NO,19,17,1
2024,NO,CAR,47,10,1
2024,CAR,NO,23,22,1
2024,CAR,TB,23,26,0
2024,CAR,ARI,36,30,1
2024,TB,CAR,48,14,1
2025,ARI,CAR,27,22,1
2025,CAR,NO,7,17,0
2025,SF,CAR,20,9,1
2025,CAR,LAR,31,28,1
2025,NO,CAR,20,17,1
2025,CAR,TB,23,20,1
2025,CAR,SEA,10,27,0
2025,TB,CAR,16,14,1
2024,NO,TB,27,51,0
2024,NO,LAR,14,21,0
2024,TB,NO,27,19,1
2025,NO,ARI,13,20,0
2025,NO,SF,21,26,0
2025,SEA,NO,44,13,1
2025,NO,TB,3,23,0
2025,LAR,NO,34,10,1
2025,TB,NO,20,24,0
2024,TB,SF,20,23,0
2025,SEA,TB,35,38,0
2025,TB,SF,30,19,1
2025,LAR,TB,34,7,1
2025,TB,ARI,20,17,1
2024,ARI,LAR,41,10,1
2024,SF,ARI,23,24,0
2024,SEA,ARI,16,6,1
2024,ARI,SEA,18,30,0
2024,LAR,ARI,13,9,1
2024,ARI,SF,47,24,1
2025,SF,ARI,16,15,1
2025,ARI,SEA,20,23,0
2025,SEA,ARI,44,22,1
2025,ARI,SF,22,41,0
2025,ARI,LAR,17,45,0
2025,LAR,ARI,37,20,1
2024,LAR,SF,27,24,1
2024,SEA,LAR,20,26,0
2024,SF,LAR,6,12,0
2024,LAR,SEA,25,30,0
2025,LAR,SF,23,26,0
2025,SF,LAR,26,42,0
2025,LAR,SEA,21,19,1
2025,SEA,LAR,38,37,1
2024,SEA,SF,24,36,0
2024,SF,SEA,17,20,0
2025,SEA,SF,13,17,0
2025,SF,SEA,3,13,0
